{
  "project_info": {
    "project_number": "743950939791",
    "project_id": "fir-guy",
    "storage_bucket": "fir-guy.firebasestorage.app"
  },
  "client": [
    {
      "client_info": {
        "mobilesdk_app_id": "1:743950939791:android:d932df5e900bf8350522fa",
        "android_client_info": {
          "package_name": "com.example.firebase"
        }
      },
      "oauth_client": [],
      "api_key": [
        {
          "current_key": "AIzaSyCTEB2baIP9tuM9K22IhTUUZQBPXRQjtoE"
        }
      ],
      "services": {
        "appinvite_service": {
          "other_platform_oauth_client": []
        }
      }
    }
  ],
  "configuration_version": "1"
}